<?xml version="1.0" encoding="UTF-8"?>
<project-private xmlns="http://www.netbeans.org/ns/project-private/1">
    <editor-bookmarks xmlns="http://www.netbeans.org/ns/editor-bookmarks/2" lastBookmarkId="0"/>
    <open-files xmlns="http://www.netbeans.org/ns/projectui-open-files/2">
        <group>
            <file>file:/F:/Book_Lessons/Book_Lessons/test/book_lessons/Book_LessonsIT.java</file>
            <file>file:/F:/Book_Lessons/Book_Lessons/src/book_lessons/Lesson_review.java</file>
            <file>file:/F:/Book_Lessons/Book_Lessons/src/book_lessons/customer_info.java</file>
            <file>file:/F:/Book_Lessons/Book_Lessons/src/book_lessons/Book_Lessons.java</file>
            <file>file:/F:/Book_Lessons/Book_Lessons/src/book_lessons/Time_table_lesson.java</file>
        </group>
    </open-files>
</project-private>
